customer_id,first_name,last_name,email,phone,city,signup_date,loyalty_points
1,RICHARD,GONZALEZ,jerryanderson@example.org,4688197369,dallas,2025-04-03,709
2,laura,kramer,nhensley@example.org,,San Antonio,2023-08-14,1634 pts
3,ANGELA,COLEMAN,veronica81@example.com,,Austin,2025-04-10,4644
4,Tonya,Raymond,benjaminjohnson@example.com,6161249065,DALLAS,11/24/2023,349
5,richard,yoder,,037-486-2570,austin,19-11-2023,3785 pts
6,michelle,greene,cathyortiz@example.org,(124) 226-2385,austin,2025-10-19,1317 pts
7,lauren,mathis,hodgemichael@example.net,(184) 090-5366,DALLAS,2024-07-01,1402
8,LISA,CRUZ,amanda20@example.com,673-434-1533,AUSTIN,21-08-2024,3121 pts
9,samuel,haley,qfisher@example.org,(845) 782-4646,Austin,05/24/2026,4468 pts
10,MARGARET,MOORE,mgregory@example.net,+17365350543,Dallas,2026-03-01,
11,Elizabeth,Clarke,diane36@example.com,601-883-0842,AUSTIN,2025-01-08,3357 pts
12,linda,fitzpatrick,kaitlyn67@example.net,+18994301419,Austin,08/02/2023,960
13,brian,evans,james16@example.com,2475227668,Dallas,05/08/2026,3269
14,HAROLD,WRIGHT,steven62@example.com,972.183.7801,San Antonio,2024-06-24,
15,TROY,ROGERS,hudsonamanda@example.net,,Austin,07-08-2023,866 pts
16,matthew,hall,eric70@example.net,633-172-4451,Houston,03/02/2025,
17,JAMES,HANSEN,,581.122.2810,austin,10/07/2025,
18,DEBORAH,JACKSON,christinahodges@example.net,,SAN ANTONIO,2024-12-23,
19,Tammy,Cross,hallsabrina@example.org,397-912-2754,austin,2024-06-06,2419 pts
20,brandon,sanders,stacy20@example.com,+18441761052,Austin,04/23/2025,2830
21,logan,cook,linda06@example.com,(938) 204-6683,San Antonio,01/05/2024,4187 pts
22,RICHARD,BROWN,deborahmartin@example.net,,Houston,06/16/2026,4963
23,Jonathan,Riley,phernandez@example.org,(867) 129-3562,AUSTIN,2024-12-03,
24,CHERYL,WOOD,jesseberry@example.org,1693227324,SAN ANTONIO,29-12-2023,
25,ZACHARY,OWEN,youngalice@example.net,668.813.4595,HOUSTON,12/22/2024,
26,COLLIN,BURTON,kimleslie@example.org,,dallas,10/31/2023,
27,melvin,thomas,alyssa37@example.org,,Houston,2026-02-27,4692 pts
28,John,Hernandez,smithgregory@example.org,+15941061615,San Antonio,2024-12-24,940
29,ANGELA,BENNETT,mark51@example.com,(831) 034-5914,SAN ANTONIO,12-02-2026,98
30,CHRISTINE,SANCHEZ,hortega@example.org,941-610-4776,SAN ANTONIO,2025-11-14,391
31,karen,hicks,cassidynichols@example.org,463.194.7759,dallas,09/30/2023,3421 pts
32,Andrew,Hart,michellelee@example.net,990.015.3310,AUSTIN,25-06-2026,578 pts
33,maria,koch,maryfuentes@example.net,426.142.6611,San Antonio,2024-04-18,1029 pts
34,alicia,wright,karenluna@example.org,9147624973,Houston,2026-01-10,1896 pts
35,MICHELLE,MASON,qking@example.net,274.235.8283,Houston,2025-04-30,1471 pts
36,CAROLYN,JONES,kharrington@example.org,5691061671,Dallas,2023-09-28,
37,james,fitzpatrick,kennethwilson@example.net,(442) 831-9150,dallas,2026-05-21,2072
38,jeffery,sullivan,,+18074789535,Dallas,11/19/2023,92
39,jacqueline,dominguez,melissashepherd@example.net,(896) 729-5828,HOUSTON,01/09/2026,330 pts
40,amanda,smith,eric60@example.org,858.452.8518,austin,2024-05-17,2217 pts
41,elizabeth,cooper,cynthiawilliams@example.net,,Dallas,04/07/2024,3433 pts
42,Samantha,Holden,dennis41@example.org,(565) 939-1944,Austin,2024-09-17,2128
43,DAVID,ESTRADA,,(240) 888-4236,Austin,2025-01-22,501
44,David,Turner,wdavis@example.org,+17371743802,dallas,2024-11-06,
45,Latoya,Mclean,tammymcintosh@example.com,801-030-7387,austin,12/23/2024,745
46,jennifer,robinson,lawsoneric@example.net,,SAN ANTONIO,08/29/2023,822 pts
47,Antonio,Wright,wallison@example.com,,Austin,2026-01-05,2101
48,Elizabeth,Blanchard,gregory47@example.org,664-947-0820,Houston,08/06/2025,4599 pts
49,JESSE,STRONG,mooremichelle@example.com,4565624520,austin,12/16/2023,1549
50,STEVEN,RAMIREZ,,752-592-9086,Dallas,25-02-2025,2197
51,Briana,Pope,hlewis@example.net,656.855.3113,Austin,30-05-2026,1304
52,KATHERINE,NORTON,pmoore@example.net,635.120.0176,San Antonio,02/19/2024,1622
53,THERESA,KIM,blancharddenise@example.net,6965429279,DALLAS,08/11/2024,
54,Megan,Friedman,dmarshall@example.net,(879) 948-7971,Dallas,2024-12-09,1819
55,tammie,barrera,wlee@example.com,(066) 503-2186,Dallas,05/05/2026,663
56,SARAH,RITTER,rodriguezbrianna@example.org,+12340500303,San Antonio,24-02-2024,2153
57,CARRIE,CLARK,whitejoseph@example.com,(555) 340-7129,Dallas,2026-05-09,839
58,LYNN,BOYLE,laurenross@example.com,552-754-7707,Austin,07/30/2023,138
59,Amanda,Davis,pollardanthony@example.com,(502) 555-9545,Dallas,03/29/2026,3488
60,patricia,mcconnell,peter93@example.net,4811711315,San Antonio,2024-08-27,2347
61,manuel,walker,briananderson@example.com,+18620553647,HOUSTON,09/11/2025,4877
62,harold,humphrey,douglaseric@example.com,572-024-5943,Houston,2024-06-07,3468
63,John,Wright,mfitzpatrick@example.org,820.935.7652,Austin,2026-06-24,3520
64,Mary,Baxter,jasonpatterson@example.net,,AUSTIN,2026-02-10,857 pts
65,TERESA,GLOVER,craigwarner@example.org,(203) 460-1120,DALLAS,03/27/2024,2489 pts
66,DAVID,JONES,cummingssamantha@example.com,(527) 690-6273,SAN ANTONIO,2025-01-10,3878 pts
67,MALIK,JONES,hannahhopkins@example.com,903-308-8539,San Antonio,11/21/2024,4096
68,joseph,spencer,davidmartin@example.org,232.261.9413,dallas,2024-02-12,4181 pts
69,zachary,hickman,rhodesscott@example.net,7949487287,DALLAS,2025-02-06,4552
70,SARAH,WALTON,laurafranklin@example.org,,Houston,30-09-2024,674
71,DONNA,LLOYD,paul59@example.org,(193) 845-2275,Dallas,2025-03-12,1979 pts
72,Steven,Jackson,emily34@example.com,398.917.9274,AUSTIN,2025-06-07,4546
73,STEPHEN,BOYER,,239-408-7405,AUSTIN,07/14/2023,
74,sharon,molina,anna26@example.net,+19928532081,San Antonio,07-12-2024,1787 pts
75,Catherine,Hamilton,hfrank@example.net,,San Antonio,10-07-2024,
76,curtis,byrd,tylerjulie@example.net,493-397-0436,SAN ANTONIO,12/11/2025,4242
77,Steven,Scott,,0239116286,austin,2025-07-22,1051
78,dwayne,carroll,lisa11@example.com,,San Antonio,11/28/2024,4534
79,michelle,leon,brenda99@example.com,,DALLAS,28-07-2025,269
80,MICHAEL,OLIVER,lewisapril@example.net,076-803-1796,Dallas,2024-12-05,
81,jacob,jones,pjackson@example.org,565.199.7036,SAN ANTONIO,26-02-2025,2121 pts
82,REBECCA,HUMPHREY,alejandrostewart@example.com,345.137.4759,DALLAS,2025-11-07,3198 pts
83,sandra,lowe,sarahjohnson@example.net,,AUSTIN,01/18/2024,1056 pts
84,MICHELLE,KNAPP,mmurphy@example.net,,Dallas,06-02-2026,4383 pts
85,Victor,Hernandez,jenniferalvarez@example.org,7817992082,dallas,08/31/2024,2484
86,LISA,KING,,+12204457367,Austin,03/10/2025,4094 pts
87,melissa,davis,uorr@example.org,532-500-2680,HOUSTON,2024-07-07,1056
88,ryan,richard,xball@example.org,(159) 292-1085,DALLAS,2024-09-10,127 pts
89,mark,giles,eddie13@example.net,+10418196814,HOUSTON,01-01-2025,1774 pts
90,Rebecca,Ford,juliameyers@example.com,+11584613972,dallas,2024-07-09,4499
91,jennifer,willis,hroy@example.net,029.013.5878,Dallas,21-02-2024,
92,BRITTANY,MCGEE,lwarner@example.org,+17954710905,dallas,09/02/2024,4701
93,NICOLE,EVANS,valenzuelabianca@example.org,595.932.3623,San Antonio,2023-08-20,1454
94,BRANDON,BALLARD,anthony67@example.com,+15383639431,Houston,01-07-2024,
95,Brian,Moss,lynchcatherine@example.net,(623) 891-9357,AUSTIN,2026-02-23,145 pts
96,RICKEY,SCOTT,shanereyes@example.com,+15799837825,austin,02/20/2024,2172 pts
97,Jessica,Hansen,scott44@example.com,+15342414046,HOUSTON,07/05/2025,1452
98,james,west,moralespeter@example.com,9730087989,Dallas,22-02-2024,4544 pts
99,DANIEL,STEWART,brittanyallen@example.com,(596) 111-7238,Houston,01/25/2024,2590
100,Courtney,Thomas,jennifercooper@example.com,(205) 541-1385,Austin,25-05-2025,3167 pts
101,richard,johns,marioreyes@example.net,196-159-0781,austin,2025-12-25,1511
102,dominic,wall,eowens@example.com,277-657-9639,AUSTIN,12/08/2024,4142 pts
103,david,martinez,trevorlowery@example.org,,Houston,24-03-2025,2613 pts
104,brett,bennett,caitlin61@example.net,+12716732070,SAN ANTONIO,02/13/2026,
105,Benjamin,Jones,zthompson@example.net,1533584918,HOUSTON,03-04-2024,
106,andre,rogers,michaeljacobs@example.org,(779) 827-1106,HOUSTON,2024-04-18,993
107,GARY,JONES,,+17635502439,austin,2025-07-29,
108,kimberly,brown,bridgeschristy@example.net,(990) 025-4425,DALLAS,2023-09-14,1546 pts
109,DEREK,SANDOVAL,,,Dallas,2023-12-15,319 pts
110,kevin,nguyen,lhansen@example.net,666-312-4686,San Antonio,2025-01-16,
111,GLORIA,SANCHEZ,groberson@example.com,339.699.7860,austin,2025-01-01,2394
112,Alice,Parker,wilsonian@example.net,(505) 346-3730,Austin,10/22/2025,3021 pts
113,judy,patterson,toddsanchez@example.com,586.322.0474,AUSTIN,13-10-2023,
114,John,Baker,piercejessica@example.org,6317387213,DALLAS,08/18/2025,3479
115,amanda,alexander,richardjamie@example.com,,Dallas,2024-07-07,2993
116,jessica,butler,scottreyes@example.com,812.119.2559,AUSTIN,05/22/2026,1890
117,dawn,roy,,,HOUSTON,2024-12-06,913
118,PAMELA,JENKINS,evaldez@example.net,344-101-3779,Austin,2025-12-06,
119,Brenda,Huang,allen66@example.org,(450) 673-4650,austin,01/18/2024,
120,kyle,watson,mmyers@example.com,715-672-8557,SAN ANTONIO,18-01-2024,187
121,BARRY,JOHNSON,mary36@example.org,+14154104249,dallas,2024-04-09,2899
122,David,Perkins,jason80@example.org,057-213-0708,Dallas,2024-01-15,2075
123,gloria,campbell,brownnicole@example.com,,SAN ANTONIO,26-04-2026,
124,ANTHONY,TRUJILLO,phamalicia@example.org,1503160815,Austin,2025-11-03,3716
125,ANTHONY,MILLER,morrowsteven@example.com,335-328-0483,HOUSTON,2026-06-16,4248 pts
126,SUZANNE,ONEILL,ncoffey@example.com,,Austin,2024-10-14,4535
127,Jennifer,Lopez,robertsonmitchell@example.com,+12858549902,Dallas,2024-02-26,1391 pts
128,Denise,Watkins,jimmy98@example.org,(367) 485-4746,DALLAS,2026-06-16,3042 pts
129,AMY,RHODES,brittney34@example.net,(607) 467-0273,Houston,2024-09-26,
130,JESSE,TUCKER,michael66@example.com,523.286.8798,dallas,23-07-2025,2547
131,shannon,wilson,angelaphillips@example.net,069-687-8971,Dallas,23-04-2026,
132,Gregory,Jones,markking@example.com,3032639557,Houston,12-05-2026,1014 pts
133,PAIGE,LOPEZ,joneskristen@example.com,542-065-3045,Austin,2024-02-01,634
134,Kenneth,Rose,gregory17@example.org,821-661-2171,San Antonio,08-12-2023,
135,abigail,baker,jasmin88@example.net,6656312789,AUSTIN,27-11-2025,
136,jeffrey,munoz,kenneth72@example.com,+13877504316,Austin,02-10-2025,4979
137,robin,burton,,2613768408,Austin,11-02-2024,
138,christopher,thomas,boydjason@example.com,(495) 078-4572,AUSTIN,06/12/2025,1521
139,Denise,Hernandez,michellenelson@example.com,1781237488,AUSTIN,04/10/2026,3951
140,angela,allen,swilliams@example.org,083-000-1736,austin,02/05/2026,2278
141,Sean,Hendrix,millerbryan@example.net,9844745684,DALLAS,06-07-2025,
142,ROBERT,COLLINS,brownrachel@example.com,+16917989230,dallas,2025-02-13,
143,HEATHER,JONES,,368.199.5557,Dallas,11/03/2023,1044
144,Donna,Chang,lydiaweiss@example.org,9965845893,SAN ANTONIO,03-11-2024,4399 pts
145,Kimberly,Knox,jacob12@example.net,2060814671,DALLAS,06/26/2025,3554
146,desiree,golden,terryjackie@example.com,+19535318554,SAN ANTONIO,15-08-2025,
147,kristy,jordan,jenniferhawkins@example.net,0361054340,austin,2024-02-23,2824
148,denise,hill,grahambenjamin@example.org,998-070-1159,Austin,10-07-2023,4610 pts
149,richard,williams,othompson@example.org,(105) 921-7763,AUSTIN,2024-06-08,3135
150,Emily,Harris,ethompson@example.net,(004) 295-9314,DALLAS,01/23/2025,4365 pts
151,Cheryl,Thompson,angelica34@example.org,037.870.0192,DALLAS,2024-04-24,2715 pts
152,Shannon,Hubbard,mitchelljuan@example.org,(289) 792-7373,DALLAS,05/25/2024,
153,Brandy,White,boyerjoseph@example.net,,austin,21-01-2024,4948
154,katie,alexander,cwells@example.net,723-358-9236,Austin,2024-11-26,3947
155,JAMES,HALEY,josephkelley@example.net,126.860.8185,DALLAS,16-10-2023,
156,christopher,evans,rdavis@example.com,(805) 875-4416,HOUSTON,19-07-2023,4353 pts
157,Sheila,Robinson,caleb08@example.net,,Houston,09/05/2025,151
158,Stacy,Crawford,bsalas@example.com,+14331552108,dallas,2025-08-19,3136
159,deborah,dominguez,,8433486278,HOUSTON,2025-11-18,
160,stephanie,sutton,sharon97@example.com,580.737.6108,San Antonio,09/02/2023,1596
161,Jennifer,Baldwin,ginapowell@example.org,+18914322535,austin,24-08-2024,3200
162,amanda,welch,michael78@example.com,4077665216,austin,29-04-2024,2375
163,MICHAEL,MANNING,bstewart@example.com,497.435.1013,Houston,02/27/2024,
164,brian,sanders,dhamilton@example.com,,Houston,2023-11-13,
165,caroline,rodriguez,dawnmedina@example.net,944-690-0059,HOUSTON,09/06/2025,960
166,CAROL,WHITAKER,bbrennan@example.org,9356518116,SAN ANTONIO,2026-02-01,
167,Veronica,Moore,rswanson@example.org,158.124.2669,dallas,09-12-2025,2108
168,TYLER,MOORE,vsalazar@example.org,388-998-7349,Houston,06/28/2025,
169,andrew,mcdonald,nwilliams@example.com,(068) 279-3857,austin,2025-07-25,1048
170,christina,roberts,davidgarcia@example.org,0596925119,Dallas,01/09/2025,3106
171,Amber,Phillips,cynthia28@example.com,(947) 164-0827,austin,03-08-2025,1344
172,lori,smith,hickssara@example.org,(442) 750-8062,austin,21-10-2025,2368
173,Kendra,French,sheppardmaria@example.com,531.451.4219,DALLAS,20-08-2025,689
174,STACEY,SHAW,melissawatts@example.net,+17641883959,Austin,2026-05-18,838
175,george,moran,tcarroll@example.com,+16831955910,DALLAS,2023-08-31,1531
176,jennifer,moore,edwardsanthony@example.org,6870585678,AUSTIN,06/08/2026,4924 pts
177,leslie,mercado,,711-900-7724,austin,14-08-2025,
178,ashley,mcdaniel,perezjohn@example.org,985-757-3496,HOUSTON,25-09-2025,2759
179,Michael,Wall,amandafuller@example.org,(871) 276-5043,austin,11/05/2025,2458
180,kenneth,castillo,nhiggins@example.com,001-336-6867,SAN ANTONIO,2025-12-08,4681
181,rachel,wiley,tony60@example.com,702-859-0593,Austin,28-08-2023,3521
182,paul,lewis,,(942) 043-1127,austin,2024-08-04,2119
183,Jonathan,Mason,denise68@example.net,+11113046833,Austin,12-11-2023,4753
184,CHARLES,BOYD,rodriguezbrian@example.org,(459) 189-8905,DALLAS,2024-06-15,
185,Brandon,Williams,zruiz@example.com,4941299486,DALLAS,30-04-2024,
186,Victor,Brown,lrobles@example.net,272-858-1283,HOUSTON,07/01/2025,2136
187,JOSEPH,JOSEPH,dwatson@example.net,7262739227,SAN ANTONIO,28-08-2023,3988 pts
188,JOANN,FRENCH,uadams@example.net,,San Antonio,09/07/2024,4274
189,SUSAN,ROBBINS,tashacummings@example.org,544.297.8465,Austin,08/27/2025,791
190,Jason,Kim,christopher03@example.org,+16058585447,SAN ANTONIO,2026-04-11,1002 pts
191,MICHAEL,LEWIS,jonathanoliver@example.com,+19734485595,SAN ANTONIO,12/14/2024,
192,jeffrey,edwards,scampbell@example.com,1473607597,Austin,2024-02-22,
193,john,white,lanejames@example.com,086.508.6925,Austin,12-09-2023,
194,Jose,Reyes,erinjackson@example.org,+18071105788,dallas,2025-11-07,1574 pts
195,robert,gonzales,cynthianielsen@example.net,7160164897,Austin,06-05-2025,1230 pts
196,Jacob,Smith,ngreen@example.org,453.263.8990,DALLAS,2024-12-04,2982
197,MICHELLE,VANCE,roachkayla@example.org,,Austin,04/24/2025,2366
198,amy,rivera,lisa08@example.org,(926) 681-0399,austin,30-05-2026,13
199,AMANDA,BECK,jeffreyhill@example.org,+18555426635,HOUSTON,05/06/2026,
200,RACHAEL,CLARK,jo50@example.net,+15837754439,SAN ANTONIO,08/09/2024,3954
201,Patricia,Richard,katherinefritz@example.com,7727828562,dallas,09/02/2023,
202,Andrew,Walker,,986.442.9179,Dallas,2024-12-09,551
203,LINDA,WADE,tammysmith@example.net,672.292.5443,SAN ANTONIO,02/14/2026,1011 pts
204,CHERYL,HERNANDEZ,yscott@example.com,+14828600165,HOUSTON,2023-07-27,1076
205,LUKE,RAMSEY,,(423) 997-2714,Dallas,09/16/2024,1432
206,JONATHAN,MYERS,leemichael@example.net,009-146-0333,austin,26-08-2023,4189
207,christopher,martinez,joneswilliam@example.org,(365) 515-3448,Dallas,03/13/2026,1131
208,JOHN,MCKNIGHT,aconley@example.net,,San Antonio,2025-02-09,3739
209,MICHELLE,KENNEDY,taylorwilliams@example.com,420-470-7244,DALLAS,09/10/2024,2863
210,Kathryn,Duncan,francowhitney@example.net,457-011-9774,SAN ANTONIO,03-12-2024,3185
211,jason,choi,martinhannah@example.net,,SAN ANTONIO,14-10-2025,1255
212,JOHN,SMITH,deborah01@example.org,246.559.4728,DALLAS,2024-12-24,3074 pts
213,randy,thompson,jarvismark@example.com,853.634.7220,HOUSTON,28-08-2023,114 pts
214,EDDIE,MAYS,morganmiller@example.org,022.523.8725,Dallas,12/14/2025,
215,HEATHER,HEATH,ljacobson@example.net,(845) 833-4521,dallas,05/03/2026,3559
216,Andrea,Phillips,peter26@example.com,(672) 973-0623,DALLAS,04/30/2024,
217,erik,stevenson,shellyhill@example.com,1799277721,Houston,2025-12-12,4296 pts
218,kathryn,phillips,ewalker@example.net,(784) 554-6924,dallas,2026-06-23,64
219,alexa,dorsey,kennethcamacho@example.org,+11467706302,Austin,05/17/2026,
220,James,Castillo,susan23@example.net,,Austin,10/26/2025,3536
221,veronica,savage,matthew75@example.net,416-185-9567,dallas,2023-12-08,4010
222,James,Gaines,thunt@example.net,,AUSTIN,14-03-2024,
223,Stephanie,Ford,david99@example.com,(642) 015-1413,HOUSTON,2025-10-23,4349
224,Kristen,Sparks,dixonjermaine@example.org,2361161597,HOUSTON,2025-02-01,4628
225,KARINA,KNAPP,jamesbuckley@example.org,(204) 347-6789,dallas,09/10/2023,
226,JULIA,CHAPMAN,vlowe@example.net,,Houston,2025-01-15,3603
227,LISA,JAMES,falvarado@example.com,(904) 435-7398,dallas,2025-06-14,1154
228,susan,gonzalez,patricia16@example.com,,austin,2024-06-25,625 pts
229,David,Anderson,,883.549.3557,HOUSTON,20-09-2024,
230,ryan,fitzgerald,reyestracey@example.org,,AUSTIN,2025-11-12,
231,JONATHAN,HENRY,mitchellroach@example.net,2720439492,SAN ANTONIO,05-02-2024,
232,Cheryl,Clark,johnaguirre@example.org,886.460.7796,Dallas,08/28/2025,
233,HAYLEY,CORTEZ,,714.323.1597,austin,03-07-2023,3206 pts
234,JACOB,FRYE,eric22@example.org,(314) 528-5531,austin,06/03/2024,4410
235,KAYLA,THOMPSON,martinezcynthia@example.com,,Dallas,2023-08-19,4645 pts
236,EVAN,CANTU,hgreen@example.org,324.703.2853,DALLAS,06/13/2026,312
237,Matthew,Lee,cameron28@example.net,897.489.3725,SAN ANTONIO,06/18/2024,3670
238,Kevin,Nguyen,perrykristin@example.com,(678) 004-2744,dallas,01-11-2023,2838 pts
239,David,Johnson,michael38@example.com,+18231490228,Dallas,10-07-2025,1501
240,Ricardo,Hopkins,kpadilla@example.net,922.944.9303,austin,20-04-2024,1780 pts
241,ann,west,kimberly41@example.com,709.959.3077,HOUSTON,22-02-2025,254
242,jared,stephens,morristammy@example.net,(622) 124-4149,austin,23-09-2024,
243,Gregory,Anderson,perryfrederick@example.org,725.592.2965,Houston,2025-03-08,3931
244,Philip,Charles,qosborn@example.org,+14059548358,Austin,02-02-2026,2844 pts
245,johnny,gomez,ortizdeanna@example.org,558.618.3059,San Antonio,2024-05-10,1444
246,theresa,pena,jenniferowens@example.com,(568) 649-8140,SAN ANTONIO,09/20/2025,1610
247,DAVID,LYNCH,donald32@example.com,,Austin,2023-09-12,30
248,KELLY,CAMPBELL,dkelley@example.com,254-093-5020,San Antonio,08/20/2023,4399
249,Daniel,Hogan,zpeck@example.com,,Austin,04-04-2024,2823
250,ricardo,duarte,franciscobuchanan@example.org,+15277452271,AUSTIN,25-04-2026,4052
251,NICOLE,DUNN,matthewkoch@example.net,9404398036,austin,17-10-2024,4861 pts
252,ALEXANDER,BROOKS,jillhernandez@example.net,,Houston,2023-07-30,
253,Todd,Kidd,jeffrey81@example.org,+11574116866,Austin,07/24/2023,3979
254,JOSE,MCGRATH,cooperdustin@example.org,+12419581908,AUSTIN,02-10-2023,1127 pts
255,michael,morris,daniel26@example.org,+17191783846,SAN ANTONIO,04-02-2024,3692 pts
256,larry,clark,lhammond@example.org,(029) 048-1904,SAN ANTONIO,2023-08-24,
257,danielle,sloan,williamblack@example.org,+19893504269,DALLAS,03-04-2025,2221 pts
258,CHRISTINA,WARREN,christina48@example.com,526.517.4538,Austin,2026-04-24,1188 pts
259,jason,richard,douglasallen@example.net,453.078.1383,austin,02/17/2025,4680
260,Maxwell,Escobar,michele69@example.org,+18445522948,austin,03/13/2026,3481
261,Donald,Whitaker,,722.136.3565,Austin,2024-10-22,
262,clifford,garcia,walkerjesse@example.org,(404) 243-6253,HOUSTON,2025-07-28,
263,CARLA,TURNER,edwardsemily@example.net,862-413-5919,DALLAS,06/17/2026,3823
264,james,cummings,apeterson@example.com,539.603.7175,San Antonio,17-11-2023,3562
265,RACHEL,SCHMIDT,michaelcisneros@example.com,858-340-6365,HOUSTON,05-11-2025,925 pts
266,ROBERT,MORRIS,joseph27@example.com,+18725013594,dallas,02/16/2025,
267,CHRISTINE,GAINES,,346.817.4971,Austin,2025-01-25,
268,Sarah,Carter,bpalmer@example.com,+11542575853,Houston,15-04-2025,2116 pts
269,COURTNEY,SMITH,joshuapope@example.org,177-229-9374,dallas,2024-03-14,4869 pts
270,PAMELA,HULL,brandon54@example.org,558.514.5292,SAN ANTONIO,07/05/2024,4569
271,PAMELA,REID,jonescody@example.com,285-777-5543,HOUSTON,30-04-2026,1471
272,thomas,payne,fgallagher@example.com,(945) 001-9602,HOUSTON,05-05-2024,879 pts
273,KEVIN,JOSEPH,vincentemma@example.com,6554644651,San Antonio,06/23/2025,4527
274,JOHN,ALLEN,sharpkendra@example.org,,Dallas,19-07-2025,2037
275,Mario,Gray,mary43@example.com,380-672-6966,Houston,27-03-2024,3657
276,James,Stewart,,2591853428,SAN ANTONIO,18-12-2025,3994
277,KRISTINE,SANTIAGO,sandra44@example.com,027.580.5657,SAN ANTONIO,02/25/2026,3626
278,Teresa,Smith,emilyphillips@example.com,950.897.0583,Houston,08-09-2023,3839 pts
279,Donna,House,melissataylor@example.net,3915772266,SAN ANTONIO,2023-12-14,1827
280,jacob,adams,jaredtrujillo@example.com,611.039.2463,austin,03/03/2026,1114 pts
281,Mario,Hernandez,anthonybarnes@example.org,(051) 833-9063,SAN ANTONIO,04-09-2025,4360
282,EUGENE,ROACH,caitlinramirez@example.com,,SAN ANTONIO,2024-10-23,3268
283,Dawn,Phillips,josephgarcia@example.net,,dallas,27-10-2023,1486
284,joshua,martinez,ashleybell@example.org,260.640.9650,Houston,07/15/2024,846
285,katrina,dominguez,kimmallory@example.org,8520663463,austin,2024-10-11,966
286,timothy,mcneil,vaughanalan@example.net,,AUSTIN,26-05-2024,3520 pts
287,laura,banks,kayla32@example.org,,Dallas,19-09-2023,1671
288,MARK,PRICE,moorerobert@example.com,597.792.6258,Dallas,2024-11-04,936
289,ALYSSA,LOZANO,jeffreyavila@example.com,(362) 860-8463,dallas,29-10-2023,
290,Michelle,Watts,,994.993.4227,SAN ANTONIO,2025-08-17,327 pts
291,ALICIA,GATES,qparker@example.org,(804) 107-8427,Dallas,06/13/2025,
292,TRACEY,ROBERTS,hillphillip@example.net,,Austin,27-09-2025,
293,heather,burke,ramirezdavid@example.org,,Dallas,30-03-2026,1429
294,paula,gilbert,hammondlaura@example.net,(055) 897-3709,AUSTIN,11-07-2025,1447 pts
295,FRANCIS,FRITZ,keithchan@example.com,(995) 053-1198,Austin,07/11/2025,4577
296,Cheryl,Washington,nathanelliott@example.com,2972925006,dallas,10/07/2023,535
297,eric,shaffer,nwilliams@example.com,(222) 170-6484,dallas,08-08-2024,4844 pts
298,JEFFREY,HAMILTON,nataliecobb@example.org,155-310-5604,AUSTIN,2026-04-10,4782
299,SCOTT,THOMPSON,williamsjacqueline@example.net,,Houston,07-04-2026,2665
300,REBECCA,GREEN,ovelasquez@example.org,5984932405,Austin,2024-12-23,
301,Emily,Sullivan,,+19025485302,dallas,2026-03-18,2988 pts
302,Erica,Gonzalez,christine76@example.com,5605755528,Austin,2026-02-09,470
303,linda,sanders,,,Houston,16-05-2026,3381
304,angela,clark,wendy35@example.net,(206) 324-7987,San Antonio,2024-03-21,4216
305,melissa,perry,silvatiffany@example.org,667.180.0086,San Antonio,03-05-2025,
306,ERICA,SULLIVAN,jonathanwebb@example.org,,AUSTIN,12/25/2024,3281 pts
307,Brandi,Walter,nunezmichael@example.com,,SAN ANTONIO,08-01-2026,3063
308,michael,johnson,coopereric@example.org,(027) 238-6665,Dallas,23-04-2024,4982
309,timothy,montgomery,dewing@example.net,,HOUSTON,02/26/2024,3317
310,luke,martinez,andersonchristopher@example.org,(418) 949-1422,austin,11/08/2024,167
311,Joshua,Vargas,xwerner@example.net,714.186.8074,San Antonio,07/22/2023,3907 pts
312,John,Ellis,tyler96@example.com,3907510482,SAN ANTONIO,02/16/2024,
313,MICHELLE,JONES,dawn36@example.com,(975) 963-8273,HOUSTON,2026-05-20,3744
314,elizabeth,nelson,joseph89@example.com,(916) 326-0862,HOUSTON,29-02-2024,1915
315,ryan,kelley,ashleylucas@example.net,(794) 152-1946,AUSTIN,2025-03-01,1293 pts
316,SAMANTHA,BROWN,clarktimothy@example.com,9785455109,AUSTIN,22-10-2024,
317,ryan,stone,charris@example.org,530.342.3922,Dallas,07/17/2025,3082
318,mary,hall,megandennis@example.net,(319) 711-8731,Houston,10/29/2023,
319,justin,lee,hamptonjulie@example.net,836.492.9031,Houston,11/04/2025,3710
320,Alexandra,Nguyen,william31@example.com,(285) 551-2281,Dallas,2023-08-21,
321,JOHNNY,HERNANDEZ,jonescatherine@example.com,+17978250539,Houston,07/04/2025,2280 pts
322,sarah,barron,nperez@example.org,+11925474345,Austin,2025-01-14,3337 pts
323,danny,brown,watkinsdebra@example.com,3869696577,Austin,10-10-2024,4683
324,joshua,mcgrath,robertbass@example.com,+18866343910,SAN ANTONIO,2025-03-09,50 pts
325,randy,moss,wrightshelby@example.net,+11677495416,Austin,23-02-2025,3475
326,Dana,Norman,kimberlygrant@example.org,7538573613,DALLAS,02-02-2026,
327,timothy,brooks,ediaz@example.net,008.891.6848,DALLAS,24-03-2025,838
328,Joseph,Cox,vargasandre@example.org,429-057-1984,Houston,13-06-2024,4066 pts
329,abigail,hudson,acastro@example.net,,DALLAS,2024-03-04,
330,Shawn,King,samuelcarter@example.org,4177465327,Dallas,07/12/2025,3606 pts
331,ISABEL,ROSALES,hayden25@example.net,(405) 454-6532,Houston,14-08-2025,3628 pts
332,richard,wilson,mstephenson@example.org,,HOUSTON,15-06-2026,2371 pts
333,Erica,Madden,qmontgomery@example.org,(752) 058-8476,Austin,2024-01-07,4949 pts
334,GABRIEL,ALVARADO,pricemaria@example.net,(358) 918-1628,DALLAS,12-10-2025,4421
335,MEGAN,CHAVEZ,aimeearcher@example.net,585-837-4214,San Antonio,02/04/2026,4730
336,KATHRYN,OLIVER,cassandra55@example.net,448.350.3142,Dallas,29-08-2025,1282
337,ZACHARY,VELASQUEZ,,+19741557755,DALLAS,03/03/2025,3644
338,Steven,Swanson,chavezandre@example.net,(418) 184-9241,Houston,2025-01-30,4652 pts
339,kara,burns,brendamurphy@example.net,024.850.4811,Austin,2024-10-31,1020
340,Elizabeth,Wood,,,San Antonio,20-03-2025,
341,BRANDY,KNOX,parkervickie@example.net,8638210910,San Antonio,2023-09-12,2899 pts
342,rhonda,johnson,escobarmicheal@example.net,+13961937346,SAN ANTONIO,11/29/2023,3204 pts
343,ryan,houston,,,SAN ANTONIO,07/29/2025,2901
344,Brian,Wallace,morganconrad@example.com,5783193079,dallas,19-08-2024,344
345,HANNAH,MCDANIEL,,,Houston,20-07-2024,2919
346,CHARLES,BROWN,mary69@example.net,,HOUSTON,05-12-2025,2582 pts
347,curtis,turner,williamssteven@example.org,(109) 517-9815,DALLAS,18-11-2024,
348,Willie,Parker,samantha41@example.net,,SAN ANTONIO,12/04/2024,577 pts
349,Brittany,Schneider,,2046521763,austin,08/13/2025,1757
350,paula,sanchez,sarahmccarthy@example.org,840.427.4871,austin,12/31/2025,4359 pts
351,mary,reed,kathryn89@example.org,(576) 828-3000,dallas,26-02-2024,3830
352,JEFFREY,WILSON,sarajennings@example.com,,AUSTIN,13-12-2024,
353,edward,diaz,,+16869166579,Dallas,2024-11-26,
354,TAYLOR,RIVERA,allison83@example.net,,Houston,12/05/2023,2763
355,JAMES,MIRANDA,chadellis@example.com,(532) 511-1794,HOUSTON,25-04-2024,1104
356,william,wilson,,031.982.5885,SAN ANTONIO,2025-06-09,
357,Tina,Ramos,samuel90@example.com,1631617538,AUSTIN,2025-12-08,481
358,Mary,James,zbarnes@example.net,898.913.2901,AUSTIN,18-11-2023,4107
359,CRAIG,MURPHY,brewersherry@example.net,3665263977,DALLAS,2024-12-11,147
360,JOHN,SIMPSON,lromero@example.org,489-893-4156,DALLAS,06/20/2026,
361,renee,sanchez,pjones@example.com,(800) 816-0251,SAN ANTONIO,2025-12-28,2143
362,kevin,jackson,,,SAN ANTONIO,06-07-2024,2684
363,KRISTEN,PHILLIPS,,(015) 931-3202,HOUSTON,02/16/2025,2352
364,Donald,Brown,lauren93@example.net,,SAN ANTONIO,04/06/2025,2296
365,RACHEL,AGUILAR,barrywilson@example.net,(356) 019-3358,HOUSTON,10-04-2026,1300 pts
366,matthew,thomas,douglasstewart@example.org,,austin,10-10-2024,1222 pts
367,dustin,williams,samanthacampbell@example.net,+13560797473,Houston,26-12-2024,4723
368,amy,cruz,garzawesley@example.org,,dallas,19-04-2025,1535 pts
369,robert,pearson,cjones@example.com,+12347743410,Dallas,18-04-2024,4073
370,andrew,smith,katherine09@example.com,6345405197,DALLAS,2026-04-28,4603 pts
371,CHRISTOPHER,RYAN,annramirez@example.net,,Austin,2025-07-13,1119
372,erin,johnston,cnielsen@example.com,175.336.7255,dallas,04-06-2025,
373,SUZANNE,BATES,krodriguez@example.net,562-798-7108,Houston,07/28/2025,2168
374,Brett,Roberts,clarkjoseph@example.com,+12160463534,Dallas,07/22/2023,4244
375,CHRISTOPHER,REYNOLDS,anthonyaustin@example.net,(170) 388-5065,austin,2023-10-21,1410
376,JOYCE,OLSON,jenniferanderson@example.org,706.891.1561,SAN ANTONIO,01/25/2024,2540
377,RYAN,MARSHALL,sherryrusso@example.com,971.009.2080,HOUSTON,17-08-2025,
378,JENNIFER,ABBOTT,mauricemoore@example.org,354.142.1552,AUSTIN,2026-01-12,
379,Amanda,Jackson,psanders@example.org,318.806.0681,SAN ANTONIO,08/18/2024,2053
380,Cody,Lucas,millergeorge@example.net,5963321509,Austin,2024-07-29,
381,ANGELA,ALLEN,nhowell@example.org,2820779487,Houston,04-12-2025,562
382,HENRY,LOPEZ,larsonheidi@example.net,,HOUSTON,2023-08-28,
383,stephanie,welch,santoskelly@example.com,(013) 786-6724,austin,01/17/2026,
384,JONATHAN,FRAZIER,iperez@example.com,,Austin,15-07-2024,3616
385,MICHAEL,PEARSON,adrianafrench@example.com,,DALLAS,11/18/2023,
386,darius,dickerson,reginald92@example.net,+16520941123,Dallas,02/01/2024,2145
387,RACHEL,ALLEN,cindy09@example.net,511-229-7392,Houston,2023-07-04,4479
388,SAMANTHA,MEDINA,hmclaughlin@example.org,,DALLAS,31-03-2026,4142
389,michael,hoffman,whitney11@example.org,398.970.4918,dallas,09/22/2023,1461
390,Crystal,Young,kthompson@example.com,5298726854,austin,11/21/2023,2484
391,gregory,gonzalez,theresawilkins@example.com,+16041251084,San Antonio,16-12-2024,360 pts
392,bobby,robertson,isolis@example.org,,dallas,2023-08-03,9
393,LORI,BISHOP,melinda37@example.com,008-959-4181,Houston,15-07-2023,1875 pts
394,Whitney,Reed,,580.637.6834,austin,2023-12-03,2720 pts
395,MARIE,RYAN,villarrealtracie@example.net,052.097.5561,AUSTIN,12/28/2023,1811
396,gary,salinas,jhart@example.net,+13178212441,HOUSTON,05/13/2024,1228 pts
397,suzanne,clark,klewis@example.net,+15897693634,dallas,2025-07-02,
398,PAUL,BUSH,zmathews@example.org,5707774835,DALLAS,02/25/2026,3964 pts
399,TAMMY,MORAN,,2373729546,Houston,03/14/2024,1134 pts
400,BENJAMIN,HERRERA,hopkinsmichael@example.net,429.511.2614,Austin,2026-03-11,3977
401,sean,white,vmaddox@example.net,,AUSTIN,22-12-2025,1047
402,Aimee,Walker,rbishop@example.net,,Houston,27-11-2024,212 pts
403,james,casey,michelle67@example.net,289-441-1625,SAN ANTONIO,01-06-2024,
404,William,Williams,jose87@example.com,752.482.8210,austin,08/30/2024,4087
405,MARK,SANTIAGO,sethgonzalez@example.org,(849) 848-9632,Dallas,17-12-2025,843
406,Jeremy,Dean,donaldhensley@example.org,(831) 847-7373,DALLAS,11/16/2025,987
407,brooke,soto,travis84@example.net,278-882-9266,Houston,22-04-2024,570
408,Stephanie,Frazier,vharrington@example.org,6760528566,SAN ANTONIO,2024-04-17,2803
409,Andrew,Martinez,mary94@example.net,,Austin,05-10-2025,658
410,tammy,martinez,tammypierce@example.com,0168004209,Houston,25-06-2024,3865 pts
411,THOMAS,WALKER,vargasstephanie@example.net,+17733739117,AUSTIN,2024-12-22,330
412,briana,lewis,lindamorris@example.net,823.139.6123,AUSTIN,10/17/2023,4682
413,brittany,barnett,halvarez@example.net,5078922475,AUSTIN,07/27/2024,4006
414,william,lee,michael21@example.net,+13903284999,HOUSTON,10/07/2024,3919
415,Megan,Allen,stephenharris@example.com,580-822-9764,SAN ANTONIO,07/06/2025,467 pts
416,Jason,Hernandez,pweaver@example.org,+13054218264,San Antonio,06/08/2024,60
417,MELISSA,WILLIAMS,sfernandez@example.net,(428) 532-8779,DALLAS,2024-02-13,3149
418,FRANCISCO,MILLER,melissaaustin@example.com,690.909.8120,HOUSTON,2023-12-31,
419,RALPH,MILLER,luis90@example.net,2314739960,Dallas,04/04/2024,3205
420,Mark,Walker,tstrong@example.org,533.821.9288,HOUSTON,2023-09-01,126 pts
421,Larry,Perez,jacobssavannah@example.com,,SAN ANTONIO,2024-08-01,684 pts
422,andrea,reyes,,066-484-9473,austin,2025-04-01,4114 pts
423,JEFFREY,ACOSTA,mckayjackson@example.net,,Austin,28-06-2024,4843
424,mary,mcguire,hallrussell@example.net,261.248.3623,San Antonio,2025-09-18,2325 pts
425,richard,owens,,070-829-6361,San Antonio,13-08-2024,
426,ANGELA,TORRES,tsullivan@example.com,681.012.6114,Houston,09-06-2025,1498 pts
427,erica,davis,,944-506-3528,Austin,11/03/2023,3412 pts
428,Carl,Graham,gjackson@example.org,568.931.0789,DALLAS,10/24/2023,
429,Bonnie,Wright,yguzman@example.net,(113) 784-5481,San Antonio,2023-07-22,
430,Christopher,Young,sophia98@example.net,9991634361,HOUSTON,09-10-2025,2665
431,MICHAEL,ADAMS,valenzuelasandra@example.net,544.833.8987,San Antonio,06/10/2024,1442
432,David,Butler,ejohnson@example.org,+14302179712,HOUSTON,01/17/2024,347
433,Mark,Jones,kelly39@example.net,402-136-5436,Dallas,07/31/2023,2954 pts
434,John,Vasquez,gomezrachel@example.net,415-454-0996,Dallas,29-08-2024,
435,DAKOTA,OLIVER,hollyhernandez@example.com,,austin,2025-03-23,2612
436,MARY,SOTO,hoffmantheresa@example.net,788.508.0127,DALLAS,03/06/2024,2654
437,JUDITH,REYNOLDS,brianhall@example.com,+14538150945,Austin,2026-06-24,4194
438,CAITLYN,PEREZ,erikaparker@example.net,+19387492235,AUSTIN,06/13/2026,2976
439,angel,patterson,reynoldschristopher@example.org,309-549-2640,Houston,2026-01-25,3137
440,Gabrielle,Franklin,christopherhenderson@example.com,8555523845,SAN ANTONIO,12/28/2024,3314
441,Robert,Ray,kimberly15@example.net,(008) 451-6731,AUSTIN,2025-07-19,1668
442,debra,gonzales,taylor72@example.net,(617) 273-0913,Dallas,2026-01-09,1872
443,TREVOR,MARTINEZ,theresacurry@example.net,(098) 221-6398,austin,14-11-2023,3998
444,Lisa,Snow,robert11@example.org,105.469.4099,Dallas,2025-07-18,1562
445,COLE,STONE,christinawright@example.net,5339620352,SAN ANTONIO,2024-01-24,3576 pts
446,MELANIE,ANDRADE,burtonsuzanne@example.org,,HOUSTON,2024-12-17,2238
447,LINDA,JONES,kiddtonya@example.net,4350525419,SAN ANTONIO,05/07/2026,728
448,carolyn,little,mjones@example.org,995.563.0502,AUSTIN,2026-02-24,4078 pts
449,Phillip,Hughes,igordon@example.org,925-978-5510,DALLAS,08/15/2025,1844
450,Jenna,Castillo,johnsonadrian@example.com,224-368-4192,Houston,11-06-2024,2710 pts
451,EMMA,COHEN,michellemiddleton@example.net,6038536020,San Antonio,2026-01-01,2330 pts
452,ROBERT,LARA,bradley17@example.net,+18150276115,San Antonio,10/31/2025,
453,CHRISTINA,ROTH,agreen@example.net,692-772-6604,austin,31-01-2026,1356
454,ELIZABETH,WATKINS,hoffmankari@example.net,,austin,06/07/2026,1728 pts
455,BRADLEY,LOPEZ,charleneolson@example.org,6505137007,SAN ANTONIO,2024-12-26,414
456,Sara,Henry,amysnyder@example.net,,AUSTIN,22-10-2023,1655 pts
457,Mary,Taylor,michael78@example.net,(984) 708-3900,San Antonio,20-02-2024,3543
458,ETHAN,BURNETT,ojenkins@example.net,,SAN ANTONIO,02/19/2024,105
459,KELLY,GONZALEZ,millsanthony@example.net,600-308-9002,Austin,2025-12-07,2723
460,SHAWN,JAMES,cookkevin@example.net,4810512341,AUSTIN,2024-03-14,1425 pts
461,tyler,lam,ohanson@example.net,448.452.0475,austin,2026-02-14,2789 pts
462,Darrell,Miller,john46@example.org,866-393-4631,Dallas,2025-12-20,1646
463,Eric,Wheeler,danamorgan@example.net,493.414.3703,austin,2024-06-25,2954
464,Jacqueline,Mercado,charles33@example.net,,Houston,12/27/2023,942 pts
465,Judith,Guzman,qsmith@example.com,(979) 400-1237,Austin,2024-09-03,1916
466,William,Kim,mreynolds@example.net,889.415.4933,DALLAS,13-12-2023,
467,JON,SANCHEZ,leesharon@example.com,527-928-6735,HOUSTON,2025-05-12,4330
468,mary,byrd,jjohnston@example.net,(696) 308-7163,Houston,23-12-2023,2673
469,john,campbell,,861-247-1858,HOUSTON,01/02/2024,1030
470,Stephen,Solomon,brownashley@example.com,508.216.5878,HOUSTON,29-04-2026,4297 pts
471,Rachel,Bradshaw,staceydavis@example.org,,SAN ANTONIO,2024-03-10,
472,SCOTT,EATON,abigailnorris@example.net,5198185069,HOUSTON,12-07-2023,4834 pts
473,Nathaniel,Harmon,ssosa@example.org,716.399.4571,SAN ANTONIO,2026-05-22,
474,john,nguyen,thompsoncrystal@example.net,427.165.6155,AUSTIN,2023-09-06,452
475,lorraine,morgan,devinhenry@example.net,228-846-9636,Dallas,10/02/2025,4524 pts
476,KARLA,DENNIS,kimberly70@example.org,(636) 750-4939,austin,11/27/2023,3428 pts
477,John,Ortiz,brianascott@example.net,301.105.4538,AUSTIN,2024-02-28,2247
478,Erica,Collins,whitneyamanda@example.com,+10224607592,San Antonio,2023-11-18,935 pts
479,CHASE,JOHNSON,mark67@example.com,880.141.2399,SAN ANTONIO,07-12-2025,
480,jake,preston,lewiswilliam@example.org,+13891075974,AUSTIN,26-09-2023,4341
481,MICHAEL,JACKSON,,453.039.2936,SAN ANTONIO,01/04/2024,1678
482,michael,anderson,elijahthompson@example.org,537.480.1334,austin,2024-12-03,173
483,RACHEL,EDWARDS,erice@example.com,(376) 560-4691,San Antonio,06-09-2025,2575
484,CHRISTOPHER,WALKER,carol59@example.com,175-560-6395,Dallas,09/09/2024,
485,heather,davis,lvillarreal@example.net,723.974.2397,SAN ANTONIO,15-01-2024,140
486,Stacey,Schwartz,danny12@example.org,985.799.9333,dallas,2025-03-03,
487,Jessica,Hays,yhunt@example.org,(287) 486-2824,HOUSTON,11/12/2023,3954 pts
488,LAURA,REYES,donald78@example.com,145.874.4536,San Antonio,11-02-2025,3785
489,CODY,SCHULTZ,hannaalexis@example.net,314.565.1078,AUSTIN,2024-02-28,4931
490,Christopher,Hoffman,,(406) 433-5228,AUSTIN,08-02-2026,3060 pts
491,marissa,bryan,patrickaguilar@example.com,,HOUSTON,2025-09-21,4301
492,brittany,richardson,brandimolina@example.com,(528) 042-9749,AUSTIN,09/21/2024,2879 pts
493,Karla,Clark,samantha81@example.net,272-442-3171,DALLAS,03/13/2024,3743
494,MARIO,FISHER,mary50@example.net,+11887037614,DALLAS,11-07-2024,
495,melissa,may,katherinealexander@example.org,847.615.0286,Dallas,01-02-2026,2557
496,Christina,Sharp,kimberlydavis@example.com,+14906933023,Houston,2023-09-03,861 pts
497,tracie,nelson,itucker@example.org,,SAN ANTONIO,10-12-2023,1794 pts
498,Sarah,Barker,lloydpam@example.org,210.860.4694,DALLAS,2026-01-12,3971 pts
499,jason,brennan,mauricemartin@example.org,679-640-0142,San Antonio,2025-04-29,
500,BRUCE,RIDDLE,smithsheila@example.net,+19372781592,San Antonio,10/23/2024,1371
5630,HAROLD,WRIGHT,steven62@example.com,972.183.7801,San Antonio,2024-06-24,
5350,richard,yoder,,037-486-2570,austin,19-11-2023,3785 pts
5148,Samantha,Holden,dennis41@example.org,(565) 939-1944,Austin,2024-09-17,2128
5133,Tammy,Cross,hallsabrina@example.org,397-912-2754,austin,2024-06-06,2419 pts
5287,brandon,sanders,stacy20@example.com,+18441761052,Austin,04/23/2025,2830
5631,linda,fitzpatrick,kaitlyn67@example.net,+18994301419,Austin,08/02/2023,960
5963,Antonio,Wright,wallison@example.com,,Austin,2026-01-05,2101
5550,BRANDON,BALLARD,anthony67@example.com,+15383639431,Houston,01-07-2024,
5617,brian,evans,james16@example.com,2475227668,Dallas,05/08/2026,3269
5527,ANGELA,COLEMAN,veronica81@example.com,,Austin,2025-04-10,4644
5953,linda,fitzpatrick,kaitlyn67@example.net,+18994301419,Austin,08/02/2023,960
5239,Antonio,Wright,wallison@example.com,,Austin,2026-01-05,2101
5213,Samantha,Holden,dennis41@example.org,(565) 939-1944,Austin,2024-09-17,2128
5112,David,Turner,wdavis@example.org,+17371743802,dallas,2024-11-06,
5166,lauren,mathis,hodgemichael@example.net,(184) 090-5366,DALLAS,2024-07-01,1402
5438,Brian,Moss,lynchcatherine@example.net,(623) 891-9357,AUSTIN,2026-02-23,145 pts
5497,CHERYL,WOOD,jesseberry@example.org,1693227324,SAN ANTONIO,29-12-2023,
5754,jacob,jones,pjackson@example.org,565.199.7036,SAN ANTONIO,26-02-2025,2121 pts
5114,NICOLE,EVANS,valenzuelabianca@example.org,595.932.3623,San Antonio,2023-08-20,1454
5086,MICHAEL,OLIVER,lewisapril@example.net,076-803-1796,Dallas,2024-12-05,
5552,LYNN,BOYLE,laurenross@example.com,552-754-7707,Austin,07/30/2023,138
5245,RICKEY,SCOTT,shanereyes@example.com,+15799837825,austin,02/20/2024,2172 pts
5292,SARAH,WALTON,laurafranklin@example.org,,Houston,30-09-2024,674
5205,THERESA,KIM,blancharddenise@example.net,6965429279,DALLAS,08/11/2024,
5320,CAROLYN,JONES,kharrington@example.org,5691061671,Dallas,2023-09-28,
5892,melvin,thomas,alyssa37@example.org,,Houston,2026-02-27,4692 pts
5788,Briana,Pope,hlewis@example.net,656.855.3113,Austin,30-05-2026,1304
5182,John,Hernandez,smithgregory@example.org,+15941061615,San Antonio,2024-12-24,940
5025,ANGELA,COLEMAN,veronica81@example.com,,Austin,2025-04-10,4644
5964,CHERYL,WOOD,jesseberry@example.org,1693227324,SAN ANTONIO,29-12-2023,
